"","Earnings","TotalPrices_1_period_chg_subsequent_6perc_binary","Date","quints"
"12/29/1995.553",31.3,0,"12/29/1995",3
"12/29/1995.1748",2.32,0,"12/29/1995",5
"12/29/1995.1848",61.3,0,"12/29/1995",1
"12/29/1995.2648",1.4,0,"12/29/1995",5
"12/29/1995.2848",8.83,0,"12/29/1995",4
"12/29/1995.4848",33.54,0,"12/29/1995",2
"12/29/2000.163",5.7,0,"12/29/2000",4
"12/29/2000.263",34.11,0,"12/29/2000",2
"12/29/2000.363",6.18,0,"12/29/2000",4
"12/29/2000.563",52.66,0,"12/29/2000",2
"12/29/2000.663",49.19,0,"12/29/2000",2
"12/29/2000.1258",5,0,"12/29/2000",4
"12/29/2000.1558",5.47,0,"12/29/2000",4
"12/29/2000.1758",4.56,0,"12/29/2000",5
"12/29/2000.1858",73.24,0,"12/29/2000",1
"12/29/2000.2058",1000.11,0,"12/29/2000",1
"12/29/2000.2358",4.17,0,"12/29/2000",5
"12/29/2000.2558",10.32,0,"12/29/2000",3
"12/29/2000.2658",4.77,0,"12/29/2000",4
"12/29/2000.2858",14.8,0,"12/29/2000",3
"12/29/2000.2958",10.13,0,"12/29/2000",3
"12/29/2000.3458",8.06,0,"12/29/2000",3
"12/29/2000.3658",4.66,0,"12/29/2000",5
"12/29/2000.3858",-5.32,0,"12/29/2000",5
"12/29/2000.4058",73.89,1,"12/29/2000",1
"12/29/2000.4358",389.65,1,"12/29/2000",1
"12/29/2000.4458",65.3,0,"12/29/2000",1
"12/29/2000.4558",-7.9,0,"12/29/2000",5
"12/29/2000.4858",50.09,0,"12/29/2000",2
"12/29/2000.5058",20.16,0,"12/29/2000",2
"12/29/2006.175",20.31,0,"12/29/2006",4
"12/29/2006.275",75.24,0,"12/29/2006",2
"12/29/2006.375",10.21,0,"12/29/2006",5
"12/29/2006.575",92.67,0,"12/29/2006",2
"12/29/2006.675",61.36,0,"12/29/2006",3
"12/29/2006.775",64.13,0,"12/29/2006",3
"12/29/2006.875",2.59,0,"12/29/2006",5
"12/29/2006.1270",8.11,0,"12/29/2006",5
"12/29/2006.1570",11.49,0,"12/29/2006",4
"12/29/2006.1770",10.22,0,"12/29/2006",4
"12/29/2006.1870",101.86,0,"12/29/2006",2
"12/29/2006.2070",692.42,0,"12/29/2006",1
"12/29/2006.2270",133.38,0,"12/29/2006",1
"12/29/2006.2370",6.92,0,"12/29/2006",5
"12/29/2006.2570",24.15,0,"12/29/2006",4
"12/29/2006.2670",9.02,0,"12/29/2006",5
"12/29/2006.2870",52.41,0,"12/29/2006",3
"12/29/2006.2970",34.71,0,"12/29/2006",3
"12/29/2006.3270",342.89,0,"12/29/2006",1
"12/29/2006.3370",34.25,0,"12/29/2006",4
"12/29/2006.3470",9.19,0,"12/29/2006",5
"12/29/2006.3670",2.61,0,"12/29/2006",5
"12/29/2006.3870",36.95,0,"12/29/2006",3
"12/29/2006.4070",155.39,0,"12/29/2006",1
"12/29/2006.4270",98.37,0,"12/29/2006",2
"12/29/2006.4370",581.69,0,"12/29/2006",1
"12/29/2006.4470",96.55,0,"12/29/2006",2
"12/29/2006.4570",33.8,0,"12/29/2006",4
"12/29/2006.4670",41476.99,0,"12/29/2006",1
"12/29/2006.4870",76.19,0,"12/29/2006",2
"12/29/2006.5070",40.21,0,"12/29/2006",3
"12/29/2017.197",8.46,0,"12/29/2017",4
"12/29/2017.297",70.56,0,"12/29/2017",3
"12/29/2017.397",4.25,0,"12/29/2017",5
"12/29/2017.497",114.97,0,"12/29/2017",2
"12/29/2017.597",111.58,0,"12/29/2017",2
"12/29/2017.697",51.54,0,"12/29/2017",3
"12/29/2017.797",78.31,0,"12/29/2017",2
"12/29/2017.897",5.14,0,"12/29/2017",5
"12/29/2017.997",41.32,0,"12/29/2017",4
"12/29/2017.1292",8.39,0,"12/29/2017",4
"12/29/2017.1392",389.43,0,"12/29/2017",1
"12/29/2017.1592",7.76,0,"12/29/2017",4
"12/29/2017.1692",5.41,0,"12/29/2017",5
"12/29/2017.1792",8.28,0,"12/29/2017",4
"12/29/2017.1892",94.64,0,"12/29/2017",2
"12/29/2017.1992",0.17,0,"12/29/2017",5
"12/29/2017.2092",1219.28,0,"12/29/2017",1
"12/29/2017.2292",377.02,0,"12/29/2017",1
"12/29/2017.2392",2.49,0,"12/29/2017",5
"12/29/2017.2592",53.51,0,"12/29/2017",3
"12/29/2017.2692",-0.17,0,"12/29/2017",5
"12/29/2017.2892",69.27,0,"12/29/2017",3
"12/29/2017.2992",68.06,0,"12/29/2017",3
"12/29/2017.3292",292.91,0,"12/29/2017",1
"12/29/2017.3392",38.65,0,"12/29/2017",4
"12/29/2017.3492",7.29,0,"12/29/2017",4
"12/29/2017.3592",120.36,0,"12/29/2017",1
"12/29/2017.3692",5.27,0,"12/29/2017",5
"12/29/2017.3792",70.95,0,"12/29/2017",2
"12/29/2017.3892",61.91,0,"12/29/2017",3
"12/29/2017.4092",110.94,0,"12/29/2017",2
"12/29/2017.4192",3.31,0,"12/29/2017",5
"12/29/2017.4292",81.66,0,"12/29/2017",2
"12/29/2017.4392",764.92,0,"12/29/2017",1
"12/29/2017.4492",131.61,0,"12/29/2017",1
"12/29/2017.4592",36.56,0,"12/29/2017",4
"12/29/2017.4692",170666.14,1,"12/29/2017",1
"12/29/2017.4892",112.03,0,"12/29/2017",2
"12/29/2017.5092",65.91,0,"12/29/2017",3
"12/30/2005.173",20.2,0,"12/30/2005",4
"12/30/2005.273",62.89,0,"12/30/2005",2
"12/30/2005.373",8.25,0,"12/30/2005",5
"12/30/2005.573",70.56,0,"12/30/2005",2
"12/30/2005.673",55.9,0,"12/30/2005",3
"12/30/2005.773",54.02,0,"12/30/2005",3
"12/30/2005.873",2.42,0,"12/30/2005",5
"12/30/2005.1268",6.39,0,"12/30/2005",5
"12/30/2005.1568",7.59,0,"12/30/2005",5
"12/30/2005.1768",9.27,0,"12/30/2005",4
"12/30/2005.1868",114.85,0,"12/30/2005",2
"12/30/2005.2068",623.59,0,"12/30/2005",1
"12/30/2005.2268",127.28,0,"12/30/2005",1
"12/30/2005.2368",6.06,0,"12/30/2005",5
"12/30/2005.2568",19.98,0,"12/30/2005",4
"12/30/2005.2668",7.58,0,"12/30/2005",5
"12/30/2005.2868",41.24,0,"12/30/2005",3
"12/30/2005.2968",34.83,0,"12/30/2005",3
"12/30/2005.3268",274.25,0,"12/30/2005",1
"12/30/2005.3368",23.21,0,"12/30/2005",4
"12/30/2005.3468",6.4,0,"12/30/2005",5
"12/30/2005.3668",8.91,0,"12/30/2005",4
"12/30/2005.3868",28.24,0,"12/30/2005",4
"12/30/2005.4068",162.51,0,"12/30/2005",1
"12/30/2005.4268",73.13,0,"12/30/2005",2
"12/30/2005.4368",439.54,0,"12/30/2005",1
"12/30/2005.4468",92.66,0,"12/30/2005",2
"12/30/2005.4568",28.72,0,"12/30/2005",3
"12/30/2005.4668",23871.49,1,"12/30/2005",1
"12/30/2005.4868",65.82,0,"12/30/2005",2
"12/30/2005.5068",37.2,0,"12/30/2005",3
"12/30/2011.185",7.24,0,"12/30/2011",5
"12/30/2011.285",68.66,0,"12/30/2011",3
"12/30/2011.385",2.88,0,"12/30/2011",5
"12/30/2011.485",307.73,0,"12/30/2011",1
"12/30/2011.585",107.09,0,"12/30/2011",2
"12/30/2011.685",54.08,0,"12/30/2011",3
"12/30/2011.785",134.65,0,"12/30/2011",2
"12/30/2011.885",5.85,0,"12/30/2011",5
"12/30/2011.985",56.31,0,"12/30/2011",3
"12/30/2011.1280",8.35,0,"12/30/2011",4
"12/30/2011.1580",10.37,0,"12/30/2011",4
"12/30/2011.1780",8.86,0,"12/30/2011",4
"12/30/2011.1880",163.89,0,"12/30/2011",2
"12/30/2011.2080",1206.72,0,"12/30/2011",1
"12/30/2011.2280",317.95,0,"12/30/2011",1
"12/30/2011.2380",1.15,0,"12/30/2011",5
"12/30/2011.2480",18.45,0,"12/30/2011",4
"12/30/2011.2580",42.12,0,"12/30/2011",3
"12/30/2011.2680",3.15,0,"12/30/2011",5
"12/30/2011.2880",23.95,0,"12/30/2011",4
"12/30/2011.2980",37.7,0,"12/30/2011",3
"12/30/2011.3280",212.73,0,"12/30/2011",1
"12/30/2011.3380",33.29,0,"12/30/2011",4
"12/30/2011.3480",5.33,0,"12/30/2011",5
"12/30/2011.3680",4.52,0,"12/30/2011",5
"12/30/2011.3780",119.49,0,"12/30/2011",2
"12/30/2011.3880",42.91,0,"12/30/2011",3
"12/30/2011.4080",190.75,0,"12/30/2011",1
"12/30/2011.4280",154.89,0,"12/30/2011",2
"12/30/2011.4380",572.47,0,"12/30/2011",1
"12/30/2011.4480",132.43,0,"12/30/2011",2
"12/30/2011.4580",35.99,0,"12/30/2011",4
"12/30/2011.4680",73992.07,0,"12/30/2011",1
"12/30/2011.4880",87.15,0,"12/30/2011",2
"12/30/2011.5080",56.55,0,"12/30/2011",3
"12/30/2016.195",5.62,0,"12/30/2016",4
"12/30/2016.295",44.94,0,"12/30/2016",3
"12/30/2016.395",2.48,0,"12/30/2016",5
"12/30/2016.495",16.19,0,"12/30/2016",4
"12/30/2016.595",88.6,0,"12/30/2016",2
"12/30/2016.695",38.72,0,"12/30/2016",3
"12/30/2016.795",72.39,0,"12/30/2016",2
"12/30/2016.895",4.58,0,"12/30/2016",5
"12/30/2016.995",30.26,0,"12/30/2016",4
"12/30/2016.1290",7.85,0,"12/30/2016",4
"12/30/2016.1390",267.65,0,"12/30/2016",1
"12/30/2016.1590",6.41,0,"12/30/2016",4
"12/30/2016.1690",4.33,0,"12/30/2016",5
"12/30/2016.1790",6.22,0,"12/30/2016",4
"12/30/2016.1890",32.08,0,"12/30/2016",3
"12/30/2016.1990",-0.03,0,"12/30/2016",5
"12/30/2016.2090",907.17,0,"12/30/2016",1
"12/30/2016.2290",331.9,0,"12/30/2016",1
"12/30/2016.2390",1.87,0,"12/30/2016",5
"12/30/2016.2490",10.81,0,"12/30/2016",4
"12/30/2016.2590",46.65,0,"12/30/2016",3
"12/30/2016.2690",2.47,0,"12/30/2016",5
"12/30/2016.2890",45.86,0,"12/30/2016",3
"12/30/2016.2990",47.54,0,"12/30/2016",2
"12/30/2016.3290",253.59,0,"12/30/2016",1
"12/30/2016.3390",33.43,0,"12/30/2016",3
"12/30/2016.3490",5.52,0,"12/30/2016",5
"12/30/2016.3590",94.05,0,"12/30/2016",2
"12/30/2016.3690",5.87,0,"12/30/2016",4
"12/30/2016.3790",62.54,0,"12/30/2016",2
"12/30/2016.3890",60.64,0,"12/30/2016",2
"12/30/2016.4090",33.94,0,"12/30/2016",3
"12/30/2016.4190",1.94,0,"12/30/2016",5
"12/30/2016.4290",59.28,0,"12/30/2016",2
"12/30/2016.4390",658.06,0,"12/30/2016",1
"12/30/2016.4490",115.19,0,"12/30/2016",1
"12/30/2016.4590",32.34,0,"12/30/2016",3
"12/30/2016.4690",127324.94,0,"12/30/2016",1
"12/30/2016.4890",98.43,0,"12/30/2016",1
"12/30/2016.5090",67.84,0,"12/30/2016",2
"12/31/1996.555",32.08,0,"12/31/1996",3
"12/31/1996.1750",2.65,0,"12/31/1996",5
"12/31/1996.1850",82.55,0,"12/31/1996",1
"12/31/1996.2650",3.15,0,"12/31/1996",5
"12/31/1996.2850",9.21,0,"12/31/1996",4
"12/31/1996.3850",43.44,0,"12/31/1996",1
"12/31/1996.4850",37.88,0,"12/31/1996",2
"12/31/1997.557",28.29,0,"12/31/1997",3
"12/31/1997.1752",3.6,0,"12/31/1997",5
"12/31/1997.1852",82.69,0,"12/31/1997",1
"12/31/1997.2652",3.56,0,"12/31/1997",5
"12/31/1997.2852",18.28,0,"12/31/1997",4
"12/31/1997.3852",39.48,0,"12/31/1997",2
"12/31/1997.4852",41.33,0,"12/31/1997",1
"12/31/1998.159",5.84,0,"12/31/1998",3
"12/31/1998.259",20.56,0,"12/31/1998",2
"12/31/1998.359",5.33,0,"12/31/1998",4
"12/31/1998.559",37.71,0,"12/31/1998",2
"12/31/1998.659",34.36,0,"12/31/1998",2
"12/31/1998.1254",3.83,0,"12/31/1998",5
"12/31/1998.1554",3.45,0,"12/31/1998",5
"12/31/1998.1754",3.7,0,"12/31/1998",5
"12/31/1998.1854",77.18,0,"12/31/1998",1
"12/31/1998.2054",289.83,0,"12/31/1998",1
"12/31/1998.2354",5.23,0,"12/31/1998",4
"12/31/1998.2554",8.9,0,"12/31/1998",3
"12/31/1998.2654",4.04,0,"12/31/1998",5
"12/31/1998.2854",6.72,0,"12/31/1998",3
"12/31/1998.3454",5.57,0,"12/31/1998",4
"12/31/1998.3654",5.02,0,"12/31/1998",4
"12/31/1998.4354",199.46,0,"12/31/1998",1
"12/31/1998.4454",27.25,0,"12/31/1998",2
"12/31/1998.4854",41.38,0,"12/31/1998",1
"12/31/1998.5054",15.51,0,"12/31/1998",3
"12/31/1999.161",2.85,0,"12/31/1999",5
"12/31/1999.261",24.78,0,"12/31/1999",2
"12/31/1999.361",5.34,0,"12/31/1999",3
"12/31/1999.561",32.64,0,"12/31/1999",2
"12/31/1999.661",34.71,0,"12/31/1999",2
"12/31/1999.1256",4,0,"12/31/1999",5
"12/31/1999.1556",4.04,0,"12/31/1999",5
"12/31/1999.1756",4.29,0,"12/31/1999",4
"12/31/1999.1856",71.9,0,"12/31/1999",1
"12/31/1999.2056",332.55,0,"12/31/1999",1
"12/31/1999.2356",4.53,0,"12/31/1999",4
"12/31/1999.2556",9.16,0,"12/31/1999",3
"12/31/1999.2656",3.86,0,"12/31/1999",5
"12/31/1999.2856",-5.21,0,"12/31/1999",5
"12/31/1999.3456",4.89,0,"12/31/1999",4
"12/31/1999.3656",4.32,0,"12/31/1999",4
"12/31/1999.3856",20.42,1,"12/31/1999",3
"12/31/1999.4056",40.02,0,"12/31/1999",1
"12/31/1999.4356",362.42,0,"12/31/1999",1
"12/31/1999.4456",36.01,0,"12/31/1999",2
"12/31/1999.4856",47.91,0,"12/31/1999",1
"12/31/1999.5056",15.56,0,"12/31/1999",3
"12/31/2001.165",6.79,0,"12/31/2001",4
"12/31/2001.265",29.31,0,"12/31/2001",2
"12/31/2001.365",6.03,0,"12/31/2001",4
"12/31/2001.565",34.31,0,"12/31/2001",2
"12/31/2001.665",49.57,0,"12/31/2001",1
"12/31/2001.1260",4.29,0,"12/31/2001",5
"12/31/2001.1560",6,0,"12/31/2001",4
"12/31/2001.1760",6.12,0,"12/31/2001",4
"12/31/2001.1860",21.53,0,"12/31/2001",3
"12/31/2001.2060",279.77,0,"12/31/2001",1
"12/31/2001.2360",1.46,0,"12/31/2001",5
"12/31/2001.2560",9.63,0,"12/31/2001",3
"12/31/2001.2660",5.79,0,"12/31/2001",4
"12/31/2001.2860",5.71,0,"12/31/2001",5
"12/31/2001.2960",15.95,0,"12/31/2001",3
"12/31/2001.3260",121.82,0,"12/31/2001",1
"12/31/2001.3460",5.34,0,"12/31/2001",5
"12/31/2001.3660",-27.29,0,"12/31/2001",5
"12/31/2001.3860",-6.53,0,"12/31/2001",5
"12/31/2001.4060",22.4,0,"12/31/2001",3
"12/31/2001.4260",59.33,0,"12/31/2001",1
"12/31/2001.4360",164.79,0,"12/31/2001",1
"12/31/2001.4460",33.97,0,"12/31/2001",2
"12/31/2001.4560",12.1,0,"12/31/2001",3
"12/31/2001.4860",39.05,0,"12/31/2001",2
"12/31/2001.5060",23.91,0,"12/31/2001",2
"12/31/2002.167",-5.46,0,"12/31/2002",5
"12/31/2002.267",-20.61,0,"12/31/2002",5
"12/31/2002.367",4.74,0,"12/31/2002",3
"12/31/2002.567",43.6,0,"12/31/2002",1
"12/31/2002.667",16.92,0,"12/31/2002",2
"12/31/2002.1262",0.17,0,"12/31/2002",5
"12/31/2002.1562",2.16,0,"12/31/2002",4
"12/31/2002.1762",-1.47,0,"12/31/2002",5
"12/31/2002.1862",21.04,0,"12/31/2002",2
"12/31/2002.2062",329.9,0,"12/31/2002",1
"12/31/2002.2362",-0.41,0,"12/31/2002",5
"12/31/2002.2562",9.49,0,"12/31/2002",3
"12/31/2002.2662",1.81,0,"12/31/2002",4
"12/31/2002.2862",-2.77,0,"12/31/2002",5
"12/31/2002.2962",12.64,0,"12/31/2002",3
"12/31/2002.3262",100.25,0,"12/31/2002",1
"12/31/2002.3462",0.9,0,"12/31/2002",4
"12/31/2002.3662",0.22,0,"12/31/2002",4
"12/31/2002.3862",11.84,0,"12/31/2002",3
"12/31/2002.4062",3.81,0,"12/31/2002",4
"12/31/2002.4262",33.9,0,"12/31/2002",2
"12/31/2002.4362",94.32,0,"12/31/2002",1
"12/31/2002.4462",40.62,0,"12/31/2002",2
"12/31/2002.4562",8.81,0,"12/31/2002",3
"12/31/2002.4862",42.95,0,"12/31/2002",1
"12/31/2002.5062",15.65,0,"12/31/2002",2
"12/31/2003.169",7.54,0,"12/31/2003",4
"12/31/2003.269",31.09,0,"12/31/2003",3
"12/31/2003.369",4.46,0,"12/31/2003",5
"12/31/2003.569",54.33,0,"12/31/2003",2
"12/31/2003.669",35.17,0,"12/31/2003",3
"12/31/2003.1264",1.37,0,"12/31/2003",5
"12/31/2003.1564",5.12,0,"12/31/2003",4
"12/31/2003.1764",3.67,0,"12/31/2003",5
"12/31/2003.1864",54.53,0,"12/31/2003",2
"12/31/2003.2064",294.84,0,"12/31/2003",1
"12/31/2003.2264",83.93,0,"12/31/2003",1
"12/31/2003.2364",3.1,0,"12/31/2003",5
"12/31/2003.2564",12.39,0,"12/31/2003",3
"12/31/2003.2664",3.5,0,"12/31/2003",5
"12/31/2003.2864",5.08,0,"12/31/2003",4
"12/31/2003.2964",20.5,0,"12/31/2003",3
"12/31/2003.3264",134.66,0,"12/31/2003",1
"12/31/2003.3464",4.59,0,"12/31/2003",4
"12/31/2003.3664",4.41,0,"12/31/2003",5
"12/31/2003.3864",12.01,0,"12/31/2003",4
"12/31/2003.4064",60.09,0,"12/31/2003",2
"12/31/2003.4264",46.28,0,"12/31/2003",2
"12/31/2003.4364",148.17,0,"12/31/2003",1
"12/31/2003.4464",60.24,0,"12/31/2003",1
"12/31/2003.4564",21.49,0,"12/31/2003",3
"12/31/2003.4664",291560.34,0,"12/31/2003",1
"12/31/2003.4864",51.64,0,"12/31/2003",2
"12/31/2003.5064",13.24,0,"12/31/2003",3
"12/31/2004.171",9.74,0,"12/31/2004",4
"12/31/2004.271",52.05,0,"12/31/2004",3
"12/31/2004.371",6.44,0,"12/31/2004",5
"12/31/2004.571",64.73,0,"12/31/2004",2
"12/31/2004.671",48.44,0,"12/31/2004",3
"12/31/2004.1266",4.03,0,"12/31/2004",5
"12/31/2004.1566",6.57,0,"12/31/2004",5
"12/31/2004.1766",6.69,0,"12/31/2004",4
"12/31/2004.1866",90.25,0,"12/31/2004",2
"12/31/2004.2066",509.32,0,"12/31/2004",1
"12/31/2004.2266",106.37,0,"12/31/2004",2
"12/31/2004.2366",5.01,0,"12/31/2004",5
"12/31/2004.2566",15.86,0,"12/31/2004",4
"12/31/2004.2666",4.16,0,"12/31/2004",5
"12/31/2004.2866",33,0,"12/31/2004",3
"12/31/2004.2966",33.89,0,"12/31/2004",3
"12/31/2004.3266",206.21,0,"12/31/2004",1
"12/31/2004.3466",6.06,0,"12/31/2004",5
"12/31/2004.3666",7.35,0,"12/31/2004",4
"12/31/2004.3866",27.2,0,"12/31/2004",3
"12/31/2004.4066",117.69,0,"12/31/2004",1
"12/31/2004.4266",65.4,0,"12/31/2004",2
"12/31/2004.4366",346.14,0,"12/31/2004",1
"12/31/2004.4466",108.05,0,"12/31/2004",1
"12/31/2004.4566",24.22,0,"12/31/2004",4
"12/31/2004.4666",303674.72,0,"12/31/2004",1
"12/31/2004.4866",60.97,0,"12/31/2004",2
"12/31/2004.5066",29.2,0,"12/31/2004",3
"12/31/2007.177",25.2,0,"12/31/2007",4
"12/31/2007.277",80.95,0,"12/31/2007",3
"12/31/2007.377",13.48,0,"12/31/2007",4
"12/31/2007.477",256.07,0,"12/31/2007",1
"12/31/2007.577",99.22,0,"12/31/2007",2
"12/31/2007.677",60.05,0,"12/31/2007",3
"12/31/2007.777",96.21,0,"12/31/2007",2
"12/31/2007.877",3.81,1,"12/31/2007",5
"12/31/2007.1272",9.98,0,"12/31/2007",5
"12/31/2007.1572",13.31,0,"12/31/2007",4
"12/31/2007.1772",10.02,0,"12/31/2007",5
"12/31/2007.1872",149.01,0,"12/31/2007",2
"12/31/2007.2072",993.58,0,"12/31/2007",1
"12/31/2007.2272",214.47,0,"12/31/2007",1
"12/31/2007.2372",8.91,0,"12/31/2007",5
"12/31/2007.2572",31.18,1,"12/31/2007",4
"12/31/2007.2672",8.57,0,"12/31/2007",5
"12/31/2007.2872",53.27,0,"12/31/2007",3
"12/31/2007.2972",37.75,0,"12/31/2007",3
"12/31/2007.3272",398.21,0,"12/31/2007",1
"12/31/2007.3372",31.9,0,"12/31/2007",4
"12/31/2007.3472",10.46,0,"12/31/2007",5
"12/31/2007.3672",10.54,1,"12/31/2007",5
"12/31/2007.3772",86.9,0,"12/31/2007",2
"12/31/2007.3872",44.52,1,"12/31/2007",3
"12/31/2007.4072",169,0,"12/31/2007",1
"12/31/2007.4272",117.63,0,"12/31/2007",2
"12/31/2007.4372",680.04,0,"12/31/2007",1
"12/31/2007.4472",154.38,0,"12/31/2007",2
"12/31/2007.4572",25.34,0,"12/31/2007",4
"12/31/2007.4672",89463.12,1,"12/31/2007",1
"12/31/2007.4872",78.66,0,"12/31/2007",3
"12/31/2007.5072",49.57,0,"12/31/2007",3
"12/31/2008.179",20.16,0,"12/31/2008",4
"12/31/2008.279",58.93,0,"12/31/2008",3
"12/31/2008.379",3.4,0,"12/31/2008",5
"12/31/2008.479",207.17,0,"12/31/2008",1
"12/31/2008.579",111.19,0,"12/31/2008",2
"12/31/2008.679",12.04,0,"12/31/2008",4
"12/31/2008.779",88.52,0,"12/31/2008",2
"12/31/2008.879",3.16,0,"12/31/2008",5
"12/31/2008.1274",5.84,0,"12/31/2008",5
"12/31/2008.1574",13.93,0,"12/31/2008",4
"12/31/2008.1774",7.09,0,"12/31/2008",5
"12/31/2008.1874",54.93,0,"12/31/2008",3
"12/31/2008.2074",523.27,0,"12/31/2008",1
"12/31/2008.2274",215.29,0,"12/31/2008",1
"12/31/2008.2374",7.83,0,"12/31/2008",5
"12/31/2008.2574",32.95,0,"12/31/2008",3
"12/31/2008.2674",9.63,0,"12/31/2008",4
"12/31/2008.2874",44.31,0,"12/31/2008",3
"12/31/2008.2974",32.45,0,"12/31/2008",3
"12/31/2008.3274",218.38,0,"12/31/2008",1
"12/31/2008.3374",25.4,0,"12/31/2008",4
"12/31/2008.3474",2.62,0,"12/31/2008",5
"12/31/2008.3674",6.98,0,"12/31/2008",5
"12/31/2008.3774",57.58,0,"12/31/2008",3
"12/31/2008.3874",32.77,0,"12/31/2008",3
"12/31/2008.4074",89.47,0,"12/31/2008",2
"12/31/2008.4274",90.51,0,"12/31/2008",2
"12/31/2008.4374",508.67,0,"12/31/2008",1
"12/31/2008.4474",167.77,0,"12/31/2008",1
"12/31/2008.4574",23.2,0,"12/31/2008",4
"12/31/2008.4674",59258.02,0,"12/31/2008",1
"12/31/2008.4874",60.01,0,"12/31/2008",2
"12/31/2008.5074",61.77,0,"12/31/2008",2
"12/31/2009.281",35.38,0,"12/31/2009",3
"12/31/2009.381",-21.79,0,"12/31/2009",5
"12/31/2009.481",219.18,0,"12/31/2009",1
"12/31/2009.581",75.66,0,"12/31/2009",2
"12/31/2009.681",48.69,0,"12/31/2009",3
"12/31/2009.781",117.93,0,"12/31/2009",1
"12/31/2009.881",3.83,0,"12/31/2009",4
"12/31/2009.981",37.4,0,"12/31/2009",3
"12/31/2009.1276",1.31,0,"12/31/2009",5
"12/31/2009.1576",11.1,1,"12/31/2009",4
"12/31/2009.1776",2.89,0,"12/31/2009",5
"12/31/2009.1876",79.83,0,"12/31/2009",2
"12/31/2009.2076",741.24,0,"12/31/2009",1
"12/31/2009.2276",201.78,0,"12/31/2009",1
"12/31/2009.2376",1.52,0,"12/31/2009",5
"12/31/2009.2576",22.55,0,"12/31/2009",4
"12/31/2009.2676",2.52,1,"12/31/2009",5
"12/31/2009.2876",-19.5,0,"12/31/2009",5
"12/31/2009.2976",22.45,0,"12/31/2009",4
"12/31/2009.3276",288.73,0,"12/31/2009",1
"12/31/2009.3376",25.93,0,"12/31/2009",3
"12/31/2009.3476",2.14,0,"12/31/2009",5
"12/31/2009.3676",3.56,0,"12/31/2009",4
"12/31/2009.3776",49.23,0,"12/31/2009",3
"12/31/2009.3876",30.28,0,"12/31/2009",3
"12/31/2009.4076",108.26,0,"12/31/2009",2
"12/31/2009.4276",78.21,0,"12/31/2009",2
"12/31/2009.4376",365.57,0,"12/31/2009",1
"12/31/2009.4476",108.75,0,"12/31/2009",2
"12/31/2009.4576",15.28,0,"12/31/2009",4
"12/31/2009.4676",72177.57,0,"12/31/2009",1
"12/31/2009.4876",59.09,0,"12/31/2009",2
"12/31/2009.5076",36.04,0,"12/31/2009",3
"12/31/2010.183",11.56,0,"12/31/2010",4
"12/31/2010.283",60.04,0,"12/31/2010",3
"12/31/2010.383",3.93,0,"12/31/2010",5
"12/31/2010.483",334.64,0,"12/31/2010",1
"12/31/2010.583",88.37,0,"12/31/2010",2
"12/31/2010.683",57.25,0,"12/31/2010",3
"12/31/2010.783",147.94,0,"12/31/2010",1
"12/31/2010.883",5.15,0,"12/31/2010",5
"12/31/2010.983",48.45,0,"12/31/2010",3
"12/31/2010.1278",7.43,0,"12/31/2010",4
"12/31/2010.1578",12.19,0,"12/31/2010",4
"12/31/2010.1778",7.31,0,"12/31/2010",5
"12/31/2010.1878",99.02,0,"12/31/2010",2
"12/31/2010.2078",988.37,0,"12/31/2010",1
"12/31/2010.2278",244.18,0,"12/31/2010",1
"12/31/2010.2378",-0.45,0,"12/31/2010",5
"12/31/2010.2578",45.4,0,"12/31/2010",3
"12/31/2010.2678",4.66,0,"12/31/2010",5
"12/31/2010.2878",35.02,0,"12/31/2010",4
"12/31/2010.2978",47.35,0,"12/31/2010",3
"12/31/2010.3278",299.55,0,"12/31/2010",1
"12/31/2010.3378",31.5,0,"12/31/2010",4
"12/31/2010.3478",6.65,0,"12/31/2010",5
"12/31/2010.3678",4.44,0,"12/31/2010",5
"12/31/2010.3778",86.76,1,"12/31/2010",2
"12/31/2010.3878",41.49,0,"12/31/2010",4
"12/31/2010.4078",145.74,0,"12/31/2010",2
"12/31/2010.4278",124.55,0,"12/31/2010",2
"12/31/2010.4378",551.53,0,"12/31/2010",1
"12/31/2010.4478",121.76,0,"12/31/2010",2
"12/31/2010.4578",28.39,0,"12/31/2010",4
"12/31/2010.4678",80541.84,0,"12/31/2010",1
"12/31/2010.4878",79.25,0,"12/31/2010",2
"12/31/2010.5078",50.58,0,"12/31/2010",3
"12/31/2012.187",9.7,0,"12/31/2012",4
"12/31/2012.287",59.52,0,"12/31/2012",3
"12/31/2012.387",3.65,0,"12/31/2012",5
"12/31/2012.487",188.1,0,"12/31/2012",1
"12/31/2012.587",105.03,0,"12/31/2012",2
"12/31/2012.687",45.56,0,"12/31/2012",3
"12/31/2012.787",104.82,0,"12/31/2012",2
"12/31/2012.887",5.71,0,"12/31/2012",5
"12/31/2012.987",71.09,0,"12/31/2012",3
"12/31/2012.1282",7.44,0,"12/31/2012",4
"12/31/2012.1582",4.36,0,"12/31/2012",5
"12/31/2012.1782",6.55,0,"12/31/2012",4
"12/31/2012.1882",114.48,0,"12/31/2012",2
"12/31/2012.2082",942.06,0,"12/31/2012",1
"12/31/2012.2282",324.74,0,"12/31/2012",1
"12/31/2012.2382",0.95,0,"12/31/2012",5
"12/31/2012.2482",14.58,0,"12/31/2012",4
"12/31/2012.2582",46.01,0,"12/31/2012",3
"12/31/2012.2682",-4.08,0,"12/31/2012",5
"12/31/2012.2882",19.42,0,"12/31/2012",4
"12/31/2012.2982",36.9,0,"12/31/2012",4
"12/31/2012.3282",337.51,0,"12/31/2012",1
"12/31/2012.3382",39.17,0,"12/31/2012",3
"12/31/2012.3482",3.46,0,"12/31/2012",5
"12/31/2012.3682",4.94,0,"12/31/2012",5
"12/31/2012.3782",114.97,1,"12/31/2012",2
"12/31/2012.3882",48.34,0,"12/31/2012",3
"12/31/2012.4082",199.74,0,"12/31/2012",1
"12/31/2012.4282",175.43,0,"12/31/2012",2
"12/31/2012.4382",608.85,0,"12/31/2012",1
"12/31/2012.4482",139.84,0,"12/31/2012",2
"12/31/2012.4582",33.83,0,"12/31/2012",4
"12/31/2012.4682",99039.24,0,"12/31/2012",1
"12/31/2012.4882",92.78,0,"12/31/2012",2
"12/31/2012.5082",67.12,0,"12/31/2012",3
"12/31/2013.189",5.61,0,"12/31/2013",4
"12/31/2013.289",57.7,0,"12/31/2013",3
"12/31/2013.389",5.32,0,"12/31/2013",5
"12/31/2013.489",143.72,0,"12/31/2013",2
"12/31/2013.589",97.27,0,"12/31/2013",2
"12/31/2013.689",60.08,0,"12/31/2013",3
"12/31/2013.789",96.7,0,"12/31/2013",2
"12/31/2013.889",6.49,0,"12/31/2013",4
"12/31/2013.989",65.94,0,"12/31/2013",3
"12/31/2013.1284",7.13,0,"12/31/2013",4
"12/31/2013.1384",282.86,0,"12/31/2013",1
"12/31/2013.1584",7.14,0,"12/31/2013",4
"12/31/2013.1684",4.28,0,"12/31/2013",5
"12/31/2013.1784",4.73,0,"12/31/2013",5
"12/31/2013.1884",121.06,0,"12/31/2013",2
"12/31/2013.1984",2.4,0,"12/31/2013",5
"12/31/2013.2084",995.16,0,"12/31/2013",1
"12/31/2013.2284",341.83,0,"12/31/2013",1
"12/31/2013.2384",-0.77,0,"12/31/2013",5
"12/31/2013.2484",9.86,0,"12/31/2013",4
"12/31/2013.2584",47.42,0,"12/31/2013",3
"12/31/2013.2684",0.46,0,"12/31/2013",5
"12/31/2013.2884",50.1,0,"12/31/2013",3
"12/31/2013.2984",32.08,0,"12/31/2013",4
"12/31/2013.3284",315.39,0,"12/31/2013",1
"12/31/2013.3384",38.11,0,"12/31/2013",3
"12/31/2013.3484",5.32,0,"12/31/2013",5
"12/31/2013.3584",205.29,0,"12/31/2013",1
"12/31/2013.3684",5.23,0,"12/31/2013",5
"12/31/2013.3784",50.33,0,"12/31/2013",3
"12/31/2013.3884",53.99,0,"12/31/2013",3
"12/31/2013.4084",120.96,0,"12/31/2013",2
"12/31/2013.4184",2.01,0,"12/31/2013",5
"12/31/2013.4284",151.11,0,"12/31/2013",1
"12/31/2013.4384",628.16,0,"12/31/2013",1
"12/31/2013.4484",127.4,0,"12/31/2013",2
"12/31/2013.4584",36.69,0,"12/31/2013",4
"12/31/2013.4684",105680.06,0,"12/31/2013",1
"12/31/2013.4884",101.86,0,"12/31/2013",2
"12/31/2013.5084",69.44,0,"12/31/2013",2
"12/31/2014.191",-1.97,0,"12/31/2014",5
"12/31/2014.291",64.5,0,"12/31/2014",3
"12/31/2014.391",3.86,0,"12/31/2014",5
"12/31/2014.491",133.58,0,"12/31/2014",2
"12/31/2014.591",103.79,0,"12/31/2014",2
"12/31/2014.691",59.85,0,"12/31/2014",3
"12/31/2014.791",86.76,0,"12/31/2014",2
"12/31/2014.891",6.65,0,"12/31/2014",4
"12/31/2014.991",57.97,0,"12/31/2014",3
"12/31/2014.1286",7.55,0,"12/31/2014",4
"12/31/2014.1386",292.92,0,"12/31/2014",1
"12/31/2014.1586",6.61,0,"12/31/2014",4
"12/31/2014.1686",6.92,0,"12/31/2014",4
"12/31/2014.1786",4.48,0,"12/31/2014",5
"12/31/2014.1886",103.56,0,"12/31/2014",2
"12/31/2014.1986",-2.39,1,"12/31/2014",5
"12/31/2014.2086",1208.45,0,"12/31/2014",1
"12/31/2014.2286",370.43,0,"12/31/2014",1
"12/31/2014.2386",0.15,0,"12/31/2014",5
"12/31/2014.2486",15.4,0,"12/31/2014",4
"12/31/2014.2586",54.03,0,"12/31/2014",3
"12/31/2014.2686",-0.12,0,"12/31/2014",5
"12/31/2014.2886",54.38,0,"12/31/2014",3
"12/31/2014.2986",45.7,0,"12/31/2014",3
"12/31/2014.3286",291.99,0,"12/31/2014",1
"12/31/2014.3386",40.01,0,"12/31/2014",4
"12/31/2014.3486",5.08,0,"12/31/2014",5
"12/31/2014.3586",264.09,0,"12/31/2014",1
"12/31/2014.3686",5.99,0,"12/31/2014",4
"12/31/2014.3786",54.01,0,"12/31/2014",3
"12/31/2014.3886",58.34,0,"12/31/2014",3
"12/31/2014.4086",115.43,0,"12/31/2014",2
"12/31/2014.4186",1.01,0,"12/31/2014",5
"12/31/2014.4286",111.6,0,"12/31/2014",2
"12/31/2014.4386",729.21,0,"12/31/2014",1
"12/31/2014.4486",135.44,0,"12/31/2014",1
"12/31/2014.4586",34.7,0,"12/31/2014",4
"12/31/2014.4686",118826.02,0,"12/31/2014",1
"12/31/2014.4886",105.49,0,"12/31/2014",2
"12/31/2014.5086",72.33,0,"12/31/2014",2
"12/31/2015.193",4.78,0,"12/31/2015",5
"12/31/2015.293",49.11,0,"12/31/2015",3
"12/31/2015.393",4.78,0,"12/31/2015",5
"12/31/2015.493",26.29,0,"12/31/2015",4
"12/31/2015.593",84.31,0,"12/31/2015",2
"12/31/2015.693",47.39,0,"12/31/2015",3
"12/31/2015.793",62.46,0,"12/31/2015",2
"12/31/2015.893",5.5,0,"12/31/2015",5
"12/31/2015.993",37.39,0,"12/31/2015",3
"12/31/2015.1288",6.36,0,"12/31/2015",4
"12/31/2015.1388",271.49,0,"12/31/2015",1
"12/31/2015.1588",5.6,0,"12/31/2015",4
"12/31/2015.1688",7.11,0,"12/31/2015",4
"12/31/2015.1788",6.04,0,"12/31/2015",4
"12/31/2015.1888",50.66,0,"12/31/2015",3
"12/31/2015.1988",-13.77,1,"12/31/2015",5
"12/31/2015.2088",987.76,0,"12/31/2015",1
"12/31/2015.2288",317.55,0,"12/31/2015",1
"12/31/2015.2388",2.26,0,"12/31/2015",5
"12/31/2015.2488",11.8,0,"12/31/2015",4
"12/31/2015.2588",43.9,0,"12/31/2015",3
"12/31/2015.2688",1.33,0,"12/31/2015",5
"12/31/2015.2888",55.06,0,"12/31/2015",2
"12/31/2015.2988",49.56,0,"12/31/2015",3
"12/31/2015.3288",231.91,0,"12/31/2015",1
"12/31/2015.3388",33.26,0,"12/31/2015",3
"12/31/2015.3488",5.63,0,"12/31/2015",4
"12/31/2015.3588",60.8,0,"12/31/2015",2
"12/31/2015.3688",5.15,0,"12/31/2015",5
"12/31/2015.3788",54.56,0,"12/31/2015",3
"12/31/2015.3888",57.88,0,"12/31/2015",2
"12/31/2015.4088",92.35,0,"12/31/2015",2
"12/31/2015.4188",2.47,0,"12/31/2015",5
"12/31/2015.4288",70.4,0,"12/31/2015",2
"12/31/2015.4388",607.36,0,"12/31/2015",1
"12/31/2015.4488",110.59,0,"12/31/2015",1
"12/31/2015.4588",25.9,0,"12/31/2015",4
"12/31/2015.4688",114542.62,0,"12/31/2015",1
"12/31/2015.4888",100.24,0,"12/31/2015",1
"12/31/2015.5088",80.79,0,"12/31/2015",2
"12/31/2018.199",13.93,0,"12/31/2018",4
"12/31/2018.299",80.09,0,"12/31/2018",3
"12/31/2018.399",4.97,0,"12/31/2018",5
"12/31/2018.499",124.34,0,"12/31/2018",2
"12/31/2018.599",125.39,0,"12/31/2018",2
"12/31/2018.699",60.23,0,"12/31/2018",3
"12/31/2018.799",104.52,0,"12/31/2018",2
"12/31/2018.899",6.32,0,"12/31/2018",5
"12/31/2018.999",50.93,0,"12/31/2018",3
"12/31/2018.1294",9.58,0,"12/31/2018",4
"12/31/2018.1394",401.58,0,"12/31/2018",1
"12/31/2018.1594",8.17,0,"12/31/2018",4
"12/31/2018.1694",5.67,0,"12/31/2018",5
"12/31/2018.1794",8.49,0,"12/31/2018",4
"12/31/2018.1894",122.29,0,"12/31/2018",2
"12/31/2018.1994",0.21,0,"12/31/2018",5
"12/31/2018.2094",1276.64,0,"12/31/2018",1
"12/31/2018.2294",429.52,0,"12/31/2018",1
"12/31/2018.2394",1.85,0,"12/31/2018",5
"12/31/2018.2594",50.23,0,"12/31/2018",4
"12/31/2018.2694",4.67,0,"12/31/2018",5
"12/31/2018.2894",71.24,0,"12/31/2018",3
"12/31/2018.2994",72.36,0,"12/31/2018",3
"12/31/2018.3294",295.76,0,"12/31/2018",1
"12/31/2018.3394",28.65,0,"12/31/2018",4
"12/31/2018.3494",8.69,0,"12/31/2018",4
"12/31/2018.3594",192.52,0,"12/31/2018",1
"12/31/2018.3694",6.07,0,"12/31/2018",5
"12/31/2018.3794",96.72,0,"12/31/2018",2
"12/31/2018.3894",67.69,0,"12/31/2018",3
"12/31/2018.4094",127.61,0,"12/31/2018",2
"12/31/2018.4194",1.84,0,"12/31/2018",5
"12/31/2018.4294",114.26,0,"12/31/2018",2
"12/31/2018.4394",610.41,0,"12/31/2018",1
"12/31/2018.4494",133.19,0,"12/31/2018",2
"12/31/2018.4594",37.69,0,"12/31/2018",4
"12/31/2018.4694",193543.24,0,"12/31/2018",1
"12/31/2018.4894",142.23,0,"12/31/2018",1
"12/31/2018.5094",69.2,0,"12/31/2018",3
"6/28/1996.554",29.28,0,"6/28/1996",3
"6/28/1996.1749",1.01,0,"6/28/1996",5
"6/28/1996.1849",76.16,0,"6/28/1996",1
"6/28/1996.2649",2.82,0,"6/28/1996",5
"6/28/1996.2849",8.83,0,"6/28/1996",4
"6/28/1996.3849",36.62,0,"6/28/1996",1
"6/28/1996.4849",33.52,0,"6/28/1996",2
"6/28/2002.166",-5.19,0,"6/28/2002",5
"6/28/2002.266",29.03,0,"6/28/2002",2
"6/28/2002.366",5.01,0,"6/28/2002",4
"6/28/2002.566",29.27,0,"6/28/2002",2
"6/28/2002.666",23.94,0,"6/28/2002",2
"6/28/2002.1261",2.53,1,"6/28/2002",4
"6/28/2002.1561",4.76,0,"6/28/2002",4
"6/28/2002.1761",0.67,0,"6/28/2002",5
"6/28/2002.1861",4.18,0,"6/28/2002",4
"6/28/2002.2061",323.41,0,"6/28/2002",1
"6/28/2002.2361",2.03,0,"6/28/2002",5
"6/28/2002.2561",10.16,0,"6/28/2002",3
"6/28/2002.2661",3.16,0,"6/28/2002",4
"6/28/2002.2861",-10.93,0,"6/28/2002",5
"6/28/2002.2961",12.52,0,"6/28/2002",3
"6/28/2002.3261",123.28,0,"6/28/2002",1
"6/28/2002.3461",1.11,0,"6/28/2002",5
"6/28/2002.3661",-5.57,0,"6/28/2002",5
"6/28/2002.3861",10.21,0,"6/28/2002",3
"6/28/2002.4061",20.56,0,"6/28/2002",2
"6/28/2002.4261",52.39,0,"6/28/2002",1
"6/28/2002.4361",97.28,0,"6/28/2002",1
"6/28/2002.4461",39.91,0,"6/28/2002",1
"6/28/2002.4561",7.72,0,"6/28/2002",3
"6/28/2002.4861",39.4,0,"6/28/2002",2
"6/28/2002.5061",19.33,0,"6/28/2002",3
"6/28/2013.188",8.72,0,"6/28/2013",4
"6/28/2013.288",57.16,0,"6/28/2013",3
"6/28/2013.388",3.48,0,"6/28/2013",5
"6/28/2013.488",155.26,0,"6/28/2013",1
"6/28/2013.588",99.06,0,"6/28/2013",2
"6/28/2013.688",52.61,0,"6/28/2013",3
"6/28/2013.788",92.46,0,"6/28/2013",2
"6/28/2013.888",5.93,0,"6/28/2013",4
"6/28/2013.988",65.84,0,"6/28/2013",3
"6/28/2013.1283",7.79,0,"6/28/2013",4
"6/28/2013.1583",1.87,0,"6/28/2013",5
"6/28/2013.1783",5.45,0,"6/28/2013",5
"6/28/2013.1883",116.01,0,"6/28/2013",2
"6/28/2013.2083",1115.2,0,"6/28/2013",1
"6/28/2013.2283",315.22,1,"6/28/2013",1
"6/28/2013.2383",-0.49,0,"6/28/2013",5
"6/28/2013.2483",11.67,0,"6/28/2013",4
"6/28/2013.2583",46.93,0,"6/28/2013",3
"6/28/2013.2683",0.83,0,"6/28/2013",5
"6/28/2013.2883",30.26,0,"6/28/2013",4
"6/28/2013.2983",34.76,0,"6/28/2013",4
"6/28/2013.3283",312.94,0,"6/28/2013",1
"6/28/2013.3383",38.87,0,"6/28/2013",3
"6/28/2013.3483",3.5,0,"6/28/2013",5
"6/28/2013.3683",5.14,0,"6/28/2013",5
"6/28/2013.3783",103.31,0,"6/28/2013",2
"6/28/2013.3883",54.46,0,"6/28/2013",3
"6/28/2013.4083",146.41,0,"6/28/2013",2
"6/28/2013.4283",163.63,0,"6/28/2013",1
"6/28/2013.4383",551.52,0,"6/28/2013",1
"6/28/2013.4483",131.22,0,"6/28/2013",2
"6/28/2013.4583",34.91,0,"6/28/2013",4
"6/28/2013.4683",110497.49,0,"6/28/2013",1
"6/28/2013.4883",95.96,0,"6/28/2013",2
"6/28/2013.5083",64.03,0,"6/28/2013",3
"6/29/2001.164",7.29,0,"6/29/2001",3
"6/29/2001.264",42.59,0,"6/29/2001",2
"6/29/2001.364",6.05,0,"6/29/2001",4
"6/29/2001.564",55.85,0,"6/29/2001",1
"6/29/2001.664",52.7,0,"6/29/2001",1
"6/29/2001.1259",6.59,0,"6/29/2001",4
"6/29/2001.1559",6.11,0,"6/29/2001",4
"6/29/2001.1759",6.72,0,"6/29/2001",4
"6/29/2001.1859",46.41,0,"6/29/2001",2
"6/29/2001.2059",-211.04,0,"6/29/2001",5
"6/29/2001.2359",4.57,0,"6/29/2001",5
"6/29/2001.2559",10.63,0,"6/29/2001",3
"6/29/2001.2659",5.73,0,"6/29/2001",5
"6/29/2001.2859",19.43,0,"6/29/2001",3
"6/29/2001.2959",15.59,0,"6/29/2001",3
"6/29/2001.3459",9.46,0,"6/29/2001",3
"6/29/2001.3659",0,0,"6/29/2001",5
"6/29/2001.3859",3.12,0,"6/29/2001",5
"6/29/2001.4059",51.94,0,"6/29/2001",2
"6/29/2001.4259",72.82,0,"6/29/2001",1
"6/29/2001.4359",328.68,0,"6/29/2001",1
"6/29/2001.4459",66.73,0,"6/29/2001",1
"6/29/2001.4559",6.53,0,"6/29/2001",4
"6/29/2001.4859",48.37,0,"6/29/2001",2
"6/29/2001.5059",22.23,0,"6/29/2001",2
"6/29/2007.176",21.17,0,"6/29/2007",4
"6/29/2007.276",81.11,0,"6/29/2007",2
"6/29/2007.376",11,0,"6/29/2007",4
"6/29/2007.476",203.7,0,"6/29/2007",1
"6/29/2007.576",96.8,0,"6/29/2007",2
"6/29/2007.676",67.24,0,"6/29/2007",3
"6/29/2007.776",82.7,0,"6/29/2007",2
"6/29/2007.876",3,0,"6/29/2007",5
"6/29/2007.1271",9.3,0,"6/29/2007",5
"6/29/2007.1571",11.5,0,"6/29/2007",4
"6/29/2007.1771",10.13,0,"6/29/2007",5
"6/29/2007.1871",140.06,0,"6/29/2007",2
"6/29/2007.2071",713.16,0,"6/29/2007",1
"6/29/2007.2271",151.22,0,"6/29/2007",1
"6/29/2007.2371",8.36,0,"6/29/2007",5
"6/29/2007.2571",29.44,0,"6/29/2007",4
"6/29/2007.2671",8.58,0,"6/29/2007",5
"6/29/2007.2871",50.71,0,"6/29/2007",3
"6/29/2007.2971",34.03,0,"6/29/2007",3
"6/29/2007.3271",361.53,0,"6/29/2007",1
"6/29/2007.3371",27.31,0,"6/29/2007",4
"6/29/2007.3471",9.28,0,"6/29/2007",5
"6/29/2007.3671",7.64,0,"6/29/2007",5
"6/29/2007.3871",45.44,0,"6/29/2007",3
"6/29/2007.4071",148.29,0,"6/29/2007",1
"6/29/2007.4271",119.64,0,"6/29/2007",2
"6/29/2007.4371",643.17,0,"6/29/2007",1
"6/29/2007.4471",120.61,0,"6/29/2007",2
"6/29/2007.4571",26.38,0,"6/29/2007",4
"6/29/2007.4671",65171.66,0,"6/29/2007",1
"6/29/2007.4871",79.7,0,"6/29/2007",3
"6/29/2007.5071",56.07,0,"6/29/2007",3
"6/29/2012.186",5.35,0,"6/29/2012",5
"6/29/2012.286",65.46,0,"6/29/2012",3
"6/29/2012.386",2.36,0,"6/29/2012",5
"6/29/2012.486",243.07,0,"6/29/2012",1
"6/29/2012.586",111.64,0,"6/29/2012",2
"6/29/2012.686",49.78,0,"6/29/2012",3
"6/29/2012.786",125.69,0,"6/29/2012",2
"6/29/2012.886",5.83,0,"6/29/2012",5
"6/29/2012.986",74.94,0,"6/29/2012",3
"6/29/2012.1281",6.75,0,"6/29/2012",4
"6/29/2012.1581",6.79,0,"6/29/2012",4
"6/29/2012.1781",7.39,0,"6/29/2012",4
"6/29/2012.1881",150.02,0,"6/29/2012",2
"6/29/2012.2081",1089.23,0,"6/29/2012",1
"6/29/2012.2281",320.45,0,"6/29/2012",1
"6/29/2012.2381",1.23,0,"6/29/2012",5
"6/29/2012.2481",17.2,0,"6/29/2012",4
"6/29/2012.2581",45.71,0,"6/29/2012",3
"6/29/2012.2681",-8.31,0,"6/29/2012",5
"6/29/2012.2881",21.99,0,"6/29/2012",4
"6/29/2012.2981",33.85,0,"6/29/2012",4
"6/29/2012.3281",290.25,0,"6/29/2012",1
"6/29/2012.3381",38.23,0,"6/29/2012",3
"6/29/2012.3481",4.24,0,"6/29/2012",5
"6/29/2012.3681",4.06,0,"6/29/2012",5
"6/29/2012.3781",122.34,0,"6/29/2012",2
"6/29/2012.3881",44.42,0,"6/29/2012",3
"6/29/2012.4081",211.54,0,"6/29/2012",1
"6/29/2012.4281",155.75,0,"6/29/2012",2
"6/29/2012.4381",580.42,0,"6/29/2012",1
"6/29/2012.4481",128.49,0,"6/29/2012",2
"6/29/2012.4581",34.75,0,"6/29/2012",4
"6/29/2012.4681",82898.11,0,"6/29/2012",1
"6/29/2012.4881",93.68,0,"6/29/2012",2
"6/29/2012.5081",66.08,0,"6/29/2012",3
"6/29/2018.198",11.38,0,"6/29/2018",4
"6/29/2018.298",71.36,0,"6/29/2018",3
"6/29/2018.398",4.92,0,"6/29/2018",5
"6/29/2018.498",109.22,0,"6/29/2018",2
"6/29/2018.598",125.22,0,"6/29/2018",2
"6/29/2018.698",42.41,0,"6/29/2018",4
"6/29/2018.798",96.62,0,"6/29/2018",2
"6/29/2018.898",5.93,0,"6/29/2018",5
"6/29/2018.998",46.01,0,"6/29/2018",3
"6/29/2018.1293",10.26,0,"6/29/2018",4
"6/29/2018.1393",391.72,0,"6/29/2018",1
"6/29/2018.1593",7.91,0,"6/29/2018",4
"6/29/2018.1693",4.86,0,"6/29/2018",5
"6/29/2018.1793",9.07,0,"6/29/2018",4
"6/29/2018.1893",161.1,0,"6/29/2018",1
"6/29/2018.1993",0.14,1,"6/29/2018",5
"6/29/2018.2093",1476.69,0,"6/29/2018",1
"6/29/2018.2293",401.18,0,"6/29/2018",1
"6/29/2018.2393",2.87,0,"6/29/2018",5
"6/29/2018.2593",58.33,0,"6/29/2018",3
"6/29/2018.2693",5.17,0,"6/29/2018",5
"6/29/2018.2893",73.73,0,"6/29/2018",3
"6/29/2018.2993",72.87,0,"6/29/2018",3
"6/29/2018.3293",245.01,0,"6/29/2018",1
"6/29/2018.3393",36.62,0,"6/29/2018",4
"6/29/2018.3493",8.68,0,"6/29/2018",4
"6/29/2018.3593",179.99,0,"6/29/2018",1
"6/29/2018.3693",3.18,0,"6/29/2018",5
"6/29/2018.3793",106.58,0,"6/29/2018",2
"6/29/2018.3893",65.43,0,"6/29/2018",3
"6/29/2018.4093",126.46,0,"6/29/2018",2
"6/29/2018.4193",2.9,0,"6/29/2018",5
"6/29/2018.4293",93.18,0,"6/29/2018",2
"6/29/2018.4393",689.84,0,"6/29/2018",1
"6/29/2018.4493",131.76,0,"6/29/2018",2
"6/29/2018.4593",38.39,0,"6/29/2018",4
"6/29/2018.4693",185813.64,0,"6/29/2018",1
"6/29/2018.4893",122.63,0,"6/29/2018",2
"6/29/2018.5093",66.76,0,"6/29/2018",3
"6/30/1995.552",28.66,0,"6/30/1995",3
"6/30/1995.1747",2.25,0,"6/30/1995",5
"6/30/1995.1847",62.43,0,"6/30/1995",1
"6/30/1995.2647",0.95,0,"6/30/1995",5
"6/30/1995.2847",8.81,0,"6/30/1995",4
"6/30/1995.4847",31.82,0,"6/30/1995",2
"6/30/1997.556",33.75,0,"6/30/1997",3
"6/30/1997.1751",2.99,0,"6/30/1997",5
"6/30/1997.1851",81.36,0,"6/30/1997",1
"6/30/1997.2651",3.2,0,"6/30/1997",5
"6/30/1997.2851",18.58,1,"6/30/1997",4
"6/30/1997.3851",42.33,1,"6/30/1997",1
"6/30/1997.4851",39.07,0,"6/30/1997",2
"6/30/1998.558",30.36,0,"6/30/1998",2
"6/30/1998.1753",3.56,0,"6/30/1998",5
"6/30/1998.1853",77.68,0,"6/30/1998",1
"6/30/1998.2653",4.19,0,"6/30/1998",5
"6/30/1998.2853",5.58,0,"6/30/1998",4
"6/30/1998.3853",29.59,0,"6/30/1998",3
"6/30/1998.4853",41.68,0,"6/30/1998",1
"6/30/1999.160",2.9,0,"6/30/1999",5
"6/30/1999.260",20.58,0,"6/30/1999",3
"6/30/1999.360",5.07,0,"6/30/1999",4
"6/30/1999.560",29.65,0,"6/30/1999",2
"6/30/1999.660",34.26,0,"6/30/1999",2
"6/30/1999.1255",4.09,0,"6/30/1999",4
"6/30/1999.1555",3.97,0,"6/30/1999",5
"6/30/1999.1755",4.24,0,"6/30/1999",4
"6/30/1999.1855",73.28,0,"6/30/1999",1
"6/30/1999.2055",332.94,0,"6/30/1999",1
"6/30/1999.2355",5.78,0,"6/30/1999",3
"6/30/1999.2555",7.91,0,"6/30/1999",3
"6/30/1999.2655",3.77,0,"6/30/1999",5
"6/30/1999.2855",-9.1,0,"6/30/1999",5
"6/30/1999.3455",4.8,0,"6/30/1999",4
"6/30/1999.3655",4.05,0,"6/30/1999",5
"6/30/1999.3855",24.26,0,"6/30/1999",2
"6/30/1999.4055",44.76,0,"6/30/1999",1
"6/30/1999.4355",326.52,0,"6/30/1999",1
"6/30/1999.4455",35.96,0,"6/30/1999",2
"6/30/1999.4855",44.86,0,"6/30/1999",1
"6/30/1999.5055",15.46,0,"6/30/1999",3
"6/30/2000.162",5.57,0,"6/30/2000",4
"6/30/2000.262",33.73,0,"6/30/2000",2
"6/30/2000.362",6.45,0,"6/30/2000",4
"6/30/2000.562",46.23,0,"6/30/2000",2
"6/30/2000.662",48.41,0,"6/30/2000",2
"6/30/2000.1257",4.81,0,"6/30/2000",5
"6/30/2000.1557",6.76,0,"6/30/2000",3
"6/30/2000.1757",4.33,0,"6/30/2000",5
"6/30/2000.1857",69.23,0,"6/30/2000",1
"6/30/2000.2057",966.12,0,"6/30/2000",1
"6/30/2000.2357",5.56,0,"6/30/2000",5
"6/30/2000.2557",10.21,0,"6/30/2000",3
"6/30/2000.2657",6.43,0,"6/30/2000",4
"6/30/2000.2857",10.9,1,"6/30/2000",3
"6/30/2000.3457",6.58,0,"6/30/2000",4
"6/30/2000.3657",4.31,0,"6/30/2000",5
"6/30/2000.3857",-0.5,1,"6/30/2000",5
"6/30/2000.4057",82.99,0,"6/30/2000",1
"6/30/2000.4357",399.33,1,"6/30/2000",1
"6/30/2000.4457",61.2,0,"6/30/2000",1
"6/30/2000.4857",50.81,0,"6/30/2000",2
"6/30/2000.5057",19.8,0,"6/30/2000",3
"6/30/2003.168",6.57,0,"6/30/2003",4
"6/30/2003.268",28.64,0,"6/30/2003",2
"6/30/2003.368",2.61,0,"6/30/2003",5
"6/30/2003.568",47.41,0,"6/30/2003",1
"6/30/2003.668",18.42,0,"6/30/2003",3
"6/30/2003.1263",-0.97,0,"6/30/2003",5
"6/30/2003.1563",4.45,0,"6/30/2003",4
"6/30/2003.1763",0.85,0,"6/30/2003",5
"6/30/2003.1863",39.31,0,"6/30/2003",2
"6/30/2003.2063",285.47,0,"6/30/2003",1
"6/30/2003.2363",-0.25,0,"6/30/2003",5
"6/30/2003.2563",12.37,0,"6/30/2003",3
"6/30/2003.2663",2.25,0,"6/30/2003",5
"6/30/2003.2863",4.46,0,"6/30/2003",4
"6/30/2003.2963",20.84,0,"6/30/2003",3
"6/30/2003.3263",119.67,0,"6/30/2003",1
"6/30/2003.3463",3.35,0,"6/30/2003",5
"6/30/2003.3663",6.32,0,"6/30/2003",4
"6/30/2003.3863",11.14,0,"6/30/2003",4
"6/30/2003.4063",41.85,0,"6/30/2003",2
"6/30/2003.4263",43.15,0,"6/30/2003",2
"6/30/2003.4363",71.24,0,"6/30/2003",1
"6/30/2003.4463",44.53,0,"6/30/2003",2
"6/30/2003.4563",14.59,0,"6/30/2003",3
"6/30/2003.4663",31297.68,0,"6/30/2003",1
"6/30/2003.4863",45.74,0,"6/30/2003",1
"6/30/2003.5063",16.64,0,"6/30/2003",3
"6/30/2004.170",9.51,0,"6/30/2004",4
"6/30/2004.270",46.46,0,"6/30/2004",2
"6/30/2004.370",6.35,0,"6/30/2004",4
"6/30/2004.570",62.12,0,"6/30/2004",2
"6/30/2004.670",40.85,0,"6/30/2004",3
"6/30/2004.1265",3.19,0,"6/30/2004",5
"6/30/2004.1565",5.9,0,"6/30/2004",4
"6/30/2004.1765",4.79,0,"6/30/2004",5
"6/30/2004.1865",63.87,0,"6/30/2004",2
"6/30/2004.2065",411.36,0,"6/30/2004",1
"6/30/2004.2265",96.25,0,"6/30/2004",1
"6/30/2004.2365",3.57,0,"6/30/2004",5
"6/30/2004.2565",16.62,0,"6/30/2004",4
"6/30/2004.2665",4.15,0,"6/30/2004",5
"6/30/2004.2865",28.38,0,"6/30/2004",3
"6/30/2004.2965",29.85,0,"6/30/2004",3
"6/30/2004.3265",142.95,0,"6/30/2004",1
"6/30/2004.3465",4.92,0,"6/30/2004",5
"6/30/2004.3665",4.82,0,"6/30/2004",5
"6/30/2004.3865",23.99,0,"6/30/2004",3
"6/30/2004.4065",94.21,0,"6/30/2004",2
"6/30/2004.4265",43.99,0,"6/30/2004",3
"6/30/2004.4365",296.27,0,"6/30/2004",1
"6/30/2004.4465",95.66,0,"6/30/2004",1
"6/30/2004.4565",22.94,0,"6/30/2004",3
"6/30/2004.4665",302134.16,0,"6/30/2004",1
"6/30/2004.4865",56.8,0,"6/30/2004",2
"6/30/2004.5065",19.66,0,"6/30/2004",4
"6/30/2005.172",17.16,0,"6/30/2005",4
"6/30/2005.272",57.77,0,"6/30/2005",2
"6/30/2005.372",7.61,0,"6/30/2005",4
"6/30/2005.572",69.3,0,"6/30/2005",2
"6/30/2005.672",53.13,0,"6/30/2005",3
"6/30/2005.872",2.37,0,"6/30/2005",5
"6/30/2005.1267",5.2,0,"6/30/2005",5
"6/30/2005.1567",7.03,0,"6/30/2005",5
"6/30/2005.1767",8.95,0,"6/30/2005",4
"6/30/2005.1867",112.18,0,"6/30/2005",2
"6/30/2005.2067",623.34,0,"6/30/2005",1
"6/30/2005.2267",135.29,0,"6/30/2005",1
"6/30/2005.2367",5.75,0,"6/30/2005",5
"6/30/2005.2567",19.19,0,"6/30/2005",4
"6/30/2005.2667",6.69,0,"6/30/2005",5
"6/30/2005.2867",36.76,0,"6/30/2005",3
"6/30/2005.2967",35.05,0,"6/30/2005",3
"6/30/2005.3267",265.95,0,"6/30/2005",1
"6/30/2005.3367",22.63,0,"6/30/2005",4
"6/30/2005.3467",6.72,0,"6/30/2005",5
"6/30/2005.3667",8.88,0,"6/30/2005",4
"6/30/2005.3867",27.4,0,"6/30/2005",3
"6/30/2005.4067",151,0,"6/30/2005",1
"6/30/2005.4267",71.13,0,"6/30/2005",2
"6/30/2005.4367",432.11,0,"6/30/2005",1
"6/30/2005.4467",93.67,0,"6/30/2005",2
"6/30/2005.4567",28.27,0,"6/30/2005",3
"6/30/2005.4667",41742.49,0,"6/30/2005",1
"6/30/2005.4867",63.47,0,"6/30/2005",2
"6/30/2005.5067",37.33,0,"6/30/2005",3
"6/30/2006.174",20.05,0,"6/30/2006",4
"6/30/2006.274",77.06,0,"6/30/2006",2
"6/30/2006.374",9.9,0,"6/30/2006",5
"6/30/2006.574",84.48,0,"6/30/2006",2
"6/30/2006.674",66.65,0,"6/30/2006",3
"6/30/2006.774",63.18,0,"6/30/2006",3
"6/30/2006.874",2.57,0,"6/30/2006",5
"6/30/2006.1269",8,0,"6/30/2006",5
"6/30/2006.1569",11.27,0,"6/30/2006",4
"6/30/2006.1769",10.21,0,"6/30/2006",4
"6/30/2006.1869",113.64,0,"6/30/2006",2
"6/30/2006.2069",690.01,0,"6/30/2006",1
"6/30/2006.2269",123.88,0,"6/30/2006",1
"6/30/2006.2369",6.67,0,"6/30/2006",5
"6/30/2006.2569",23.48,0,"6/30/2006",4
"6/30/2006.2669",8.91,0,"6/30/2006",5
"6/30/2006.2869",51.84,0,"6/30/2006",3
"6/30/2006.2969",35.78,0,"6/30/2006",3
"6/30/2006.3269",289.83,0,"6/30/2006",1
"6/30/2006.3369",33.3,0,"6/30/2006",4
"6/30/2006.3469",8.12,0,"6/30/2006",5
"6/30/2006.3669",2.44,0,"6/30/2006",5
"6/30/2006.3869",33.99,0,"6/30/2006",3
"6/30/2006.4069",150.98,0,"6/30/2006",1
"6/30/2006.4269",96.74,0,"6/30/2006",2
"6/30/2006.4369",548.31,0,"6/30/2006",1
"6/30/2006.4469",93.78,0,"6/30/2006",2
"6/30/2006.4569",28.5,0,"6/30/2006",4
"6/30/2006.4669",35088.48,0,"6/30/2006",1
"6/30/2006.4869",72.25,0,"6/30/2006",2
"6/30/2006.5069",38,0,"6/30/2006",3
"6/30/2008.178",21.65,1,"6/30/2008",4
"6/30/2008.278",73.32,1,"6/30/2008",3
"6/30/2008.378",11.16,1,"6/30/2008",4
"6/30/2008.478",281.37,1,"6/30/2008",1
"6/30/2008.578",104.2,1,"6/30/2008",2
"6/30/2008.678",22.15,1,"6/30/2008",4
"6/30/2008.778",98.65,1,"6/30/2008",2
"6/30/2008.878",4.24,1,"6/30/2008",5
"6/30/2008.1273",8.63,1,"6/30/2008",5
"6/30/2008.1573",14.72,1,"6/30/2008",4
"6/30/2008.1773",9.28,1,"6/30/2008",5
"6/30/2008.1873",136.83,1,"6/30/2008",2
"6/30/2008.2073",937.4,1,"6/30/2008",1
"6/30/2008.2273",203.33,1,"6/30/2008",1
"6/30/2008.2373",9.27,1,"6/30/2008",5
"6/30/2008.2573",35.3,1,"6/30/2008",3
"6/30/2008.2673",9.34,1,"6/30/2008",5
"6/30/2008.2873",49.25,1,"6/30/2008",3
"6/30/2008.2973",39.07,1,"6/30/2008",3
"6/30/2008.3273",432.03,1,"6/30/2008",1
"6/30/2008.3373",33.67,1,"6/30/2008",4
"6/30/2008.3473",9.42,1,"6/30/2008",5
"6/30/2008.3673",8.74,1,"6/30/2008",5
"6/30/2008.3773",78.38,1,"6/30/2008",2
"6/30/2008.3873",36.48,0,"6/30/2008",3
"6/30/2008.4073",189.65,1,"6/30/2008",1
"6/30/2008.4273",149.01,1,"6/30/2008",2
"6/30/2008.4373",503.64,1,"6/30/2008",1
"6/30/2008.4473",168.68,1,"6/30/2008",2
"6/30/2008.4573",24.07,1,"6/30/2008",4
"6/30/2008.4673",85079.8,1,"6/30/2008",1
"6/30/2008.4873",72.36,1,"6/30/2008",3
"6/30/2008.5073",55.15,1,"6/30/2008",3
"6/30/2009.180",9.66,0,"6/30/2009",4
"6/30/2009.280",37.39,0,"6/30/2009",3
"6/30/2009.380",-22.72,0,"6/30/2009",5
"6/30/2009.480",195.56,0,"6/30/2009",1
"6/30/2009.580",88.13,0,"6/30/2009",2
"6/30/2009.680",21.12,0,"6/30/2009",3
"6/30/2009.780",101.37,0,"6/30/2009",2
"6/30/2009.880",2.89,0,"6/30/2009",5
"6/30/2009.1275",3.8,0,"6/30/2009",5
"6/30/2009.1575",11.62,0,"6/30/2009",4
"6/30/2009.1775",5.79,0,"6/30/2009",5
"6/30/2009.1875",17.71,0,"6/30/2009",3
"6/30/2009.2075",378.5,0,"6/30/2009",1
"6/30/2009.2275",192.44,0,"6/30/2009",1
"6/30/2009.2375",2.13,0,"6/30/2009",5
"6/30/2009.2575",27.25,0,"6/30/2009",3
"6/30/2009.2675",6.22,0,"6/30/2009",4
"6/30/2009.2875",-13.45,0,"6/30/2009",5
"6/30/2009.2975",15.4,0,"6/30/2009",4
"6/30/2009.3275",204.52,0,"6/30/2009",1
"6/30/2009.3375",19.85,0,"6/30/2009",3
"6/30/2009.3475",0.51,0,"6/30/2009",5
"6/30/2009.3675",7.26,0,"6/30/2009",4
"6/30/2009.3775",49.7,0,"6/30/2009",2
"6/30/2009.3875",28.25,0,"6/30/2009",3
"6/30/2009.4075",30.35,0,"6/30/2009",3
"6/30/2009.4275",45.16,0,"6/30/2009",2
"6/30/2009.4375",441.66,0,"6/30/2009",1
"6/30/2009.4475",121.6,0,"6/30/2009",1
"6/30/2009.4575",13.38,0,"6/30/2009",4
"6/30/2009.4675",47785.09,0,"6/30/2009",1
"6/30/2009.4875",53.89,0,"6/30/2009",2
"6/30/2009.5075",47.83,0,"6/30/2009",2
"6/30/2010.182",8.23,0,"6/30/2010",4
"6/30/2010.282",51.87,0,"6/30/2010",3
"6/30/2010.382",4.86,0,"6/30/2010",5
"6/30/2010.482",252.53,0,"6/30/2010",1
"6/30/2010.582",85.79,0,"6/30/2010",2
"6/30/2010.682",61.26,0,"6/30/2010",3
"6/30/2010.782",118.37,0,"6/30/2010",2
"6/30/2010.882",4.41,0,"6/30/2010",5
"6/30/2010.982",42.45,0,"6/30/2010",3
"6/30/2010.1277",5.46,0,"6/30/2010",4
"6/30/2010.1577",11.15,0,"6/30/2010",4
"6/30/2010.1777",5.25,0,"6/30/2010",5
"6/30/2010.1877",111.21,0,"6/30/2010",2
"6/30/2010.2077",916.67,0,"6/30/2010",1
"6/30/2010.2277",241.72,0,"6/30/2010",1
"6/30/2010.2377",0.8,0,"6/30/2010",5
"6/30/2010.2577",38.2,0,"6/30/2010",3
"6/30/2010.2677",4.72,0,"6/30/2010",5
"6/30/2010.2877",28.34,0,"6/30/2010",4
"6/30/2010.2977",45.58,0,"6/30/2010",3
"6/30/2010.3277",285.41,0,"6/30/2010",1
"6/30/2010.3377",30.19,0,"6/30/2010",4
"6/30/2010.3477",4.45,0,"6/30/2010",5
"6/30/2010.3677",3.54,0,"6/30/2010",5
"6/30/2010.3777",79.13,0,"6/30/2010",2
"6/30/2010.3877",35.15,0,"6/30/2010",4
"6/30/2010.4077",135.85,0,"6/30/2010",1
"6/30/2010.4277",102.54,0,"6/30/2010",2
"6/30/2010.4377",474.39,0,"6/30/2010",1
"6/30/2010.4477",105.69,0,"6/30/2010",2
"6/30/2010.4577",25.48,0,"6/30/2010",4
"6/30/2010.4677",84447.66,0,"6/30/2010",1
"6/30/2010.4877",70.9,0,"6/30/2010",2
"6/30/2010.5077",42.5,0,"6/30/2010",3
"6/30/2011.184",10.82,1,"6/30/2011",4
"6/30/2011.284",66.56,0,"6/30/2011",3
"6/30/2011.384",3.42,0,"6/30/2011",5
"6/30/2011.484",385.81,0,"6/30/2011",1
"6/30/2011.584",99.5,0,"6/30/2011",2
"6/30/2011.684",52.04,0,"6/30/2011",3
"6/30/2011.784",149.69,0,"6/30/2011",2
"6/30/2011.884",5.75,0,"6/30/2011",5
"6/30/2011.984",55.16,0,"6/30/2011",3
"6/30/2011.1279",9.07,1,"6/30/2011",5
"6/30/2011.1579",13.01,1,"6/30/2011",4
"6/30/2011.1779",8.86,1,"6/30/2011",5
"6/30/2011.1879",149.7,0,"6/30/2011",2
"6/30/2011.2079",1227.15,0,"6/30/2011",1
"6/30/2011.2279",306.78,0,"6/30/2011",1
"6/30/2011.2479",19.44,0,"6/30/2011",4
"6/30/2011.2579",45.84,1,"6/30/2011",3
"6/30/2011.2679",4.99,1,"6/30/2011",5
"6/30/2011.2879",28.12,0,"6/30/2011",4
"6/30/2011.2979",45.64,0,"6/30/2011",3
"6/30/2011.3279",280.85,0,"6/30/2011",1
"6/30/2011.3379",34.33,0,"6/30/2011",4
"6/30/2011.3479",6.83,0,"6/30/2011",5
"6/30/2011.3679",4.42,0,"6/30/2011",5
"6/30/2011.3779",90.43,0,"6/30/2011",2
"6/30/2011.3879",43.7,0,"6/30/2011",4
"6/30/2011.4079",190.96,1,"6/30/2011",1
"6/30/2011.4279",174.7,1,"6/30/2011",2
"6/30/2011.4379",665,0,"6/30/2011",1
"6/30/2011.4479",137.5,0,"6/30/2011",2
"6/30/2011.4579",36.91,0,"6/30/2011",4
"6/30/2011.4679",81037.46,1,"6/30/2011",1
"6/30/2011.4879",83.96,0,"6/30/2011",2
"6/30/2011.5079",55.6,0,"6/30/2011",3
"6/30/2014.190",4.4,1,"6/30/2014",5
"6/30/2014.290",59.14,0,"6/30/2014",3
"6/30/2014.390",4.87,0,"6/30/2014",5
"6/30/2014.490",144.55,0,"6/30/2014",2
"6/30/2014.590",97.63,0,"6/30/2014",2
"6/30/2014.690",60.51,0,"6/30/2014",3
"6/30/2014.790",91.87,0,"6/30/2014",2
"6/30/2014.890",6.52,0,"6/30/2014",4
"6/30/2014.990",62.29,1,"6/30/2014",3
"6/30/2014.1285",7.12,0,"6/30/2014",4
"6/30/2014.1385",273.83,0,"6/30/2014",1
"6/30/2014.1585",6.19,0,"6/30/2014",4
"6/30/2014.1685",5.89,0,"6/30/2014",4
"6/30/2014.1785",4.71,0,"6/30/2014",5
"6/30/2014.1885",101.79,0,"6/30/2014",2
"6/30/2014.1985",-5.91,1,"6/30/2014",5
"6/30/2014.2085",987.53,0,"6/30/2014",1
"6/30/2014.2285",354.76,0,"6/30/2014",1
"6/30/2014.2385",-0.78,0,"6/30/2014",5
"6/30/2014.2485",10.15,0,"6/30/2014",4
"6/30/2014.2585",54.32,0,"6/30/2014",3
"6/30/2014.2685",-0.43,0,"6/30/2014",5
"6/30/2014.2885",52.54,0,"6/30/2014",3
"6/30/2014.2985",32.6,0,"6/30/2014",4
"6/30/2014.3285",288.72,0,"6/30/2014",1
"6/30/2014.3385",39.93,0,"6/30/2014",3
"6/30/2014.3485",5.2,0,"6/30/2014",4
"6/30/2014.3585",284.26,1,"6/30/2014",1
"6/30/2014.3685",4.78,0,"6/30/2014",5
"6/30/2014.3785",44.91,0,"6/30/2014",3
"6/30/2014.3885",51.26,0,"6/30/2014",3
"6/30/2014.4085",114.91,0,"6/30/2014",2
"6/30/2014.4185",-2.47,1,"6/30/2014",5
"6/30/2014.4285",144.85,1,"6/30/2014",1
"6/30/2014.4385",652.48,0,"6/30/2014",1
"6/30/2014.4485",131.05,0,"6/30/2014",2
"6/30/2014.4585",35.06,0,"6/30/2014",4
"6/30/2014.4685",91876.02,0,"6/30/2014",1
"6/30/2014.4885",102.04,0,"6/30/2014",2
"6/30/2014.5085",67.24,0,"6/30/2014",2
"6/30/2015.192",-2.33,0,"6/30/2015",5
"6/30/2015.292",96.17,0,"6/30/2015",2
"6/30/2015.392",4.77,0,"6/30/2015",5
"6/30/2015.492",71.23,1,"6/30/2015",2
"6/30/2015.592",96.17,0,"6/30/2015",2
"6/30/2015.692",65.28,0,"6/30/2015",3
"6/30/2015.792",80,0,"6/30/2015",2
"6/30/2015.892",6.47,0,"6/30/2015",4
"6/30/2015.992",46.25,1,"6/30/2015",3
"6/30/2015.1287",8.02,0,"6/30/2015",4
"6/30/2015.1387",303.99,0,"6/30/2015",1
"6/30/2015.1587",6.85,0,"6/30/2015",4
"6/30/2015.1687",6.28,0,"6/30/2015",4
"6/30/2015.1787",5.26,0,"6/30/2015",5
"6/30/2015.1887",91.76,0,"6/30/2015",2
"6/30/2015.1987",-2.77,1,"6/30/2015",5
"6/30/2015.2087",1398.89,0,"6/30/2015",1
"6/30/2015.2287",352.73,0,"6/30/2015",1
"6/30/2015.2387",1.94,0,"6/30/2015",5
"6/30/2015.2487",16.26,0,"6/30/2015",4
"6/30/2015.2587",44.01,0,"6/30/2015",3
"6/30/2015.2687",-0.56,0,"6/30/2015",5
"6/30/2015.2887",54.5,0,"6/30/2015",3
"6/30/2015.2987",44.23,0,"6/30/2015",3
"6/30/2015.3287",238.52,0,"6/30/2015",1
"6/30/2015.3387",36.33,0,"6/30/2015",4
"6/30/2015.3487",5.33,0,"6/30/2015",5
"6/30/2015.3587",93.4,0,"6/30/2015",2
"6/30/2015.3687",5.43,0,"6/30/2015",4
"6/30/2015.3787",64.4,1,"6/30/2015",3
"6/30/2015.3887",62.28,0,"6/30/2015",3
"6/30/2015.4087",82.49,0,"6/30/2015",2
"6/30/2015.4187",1.2,0,"6/30/2015",5
"6/30/2015.4287",70.19,0,"6/30/2015",3
"6/30/2015.4387",766.07,0,"6/30/2015",1
"6/30/2015.4487",116.21,0,"6/30/2015",1
"6/30/2015.4587",28.83,0,"6/30/2015",4
"6/30/2015.4687",109435.94,0,"6/30/2015",1
"6/30/2015.4887",104.95,0,"6/30/2015",1
"6/30/2015.5087",78.93,1,"6/30/2015",2
"6/30/2016.194",4,0,"6/30/2016",5
"6/30/2016.294",44.12,0,"6/30/2016",3
"6/30/2016.394",2.68,0,"6/30/2016",5
"6/30/2016.494",19.93,0,"6/30/2016",4
"6/30/2016.594",85.04,0,"6/30/2016",2
"6/30/2016.694",39.96,0,"6/30/2016",3
"6/30/2016.794",66.54,0,"6/30/2016",2
"6/30/2016.894",4.59,0,"6/30/2016",5
"6/30/2016.994",23.64,0,"6/30/2016",4
"6/30/2016.1289",5.59,0,"6/30/2016",4
"6/30/2016.1389",246.86,0,"6/30/2016",1
"6/30/2016.1589",5.05,0,"6/30/2016",4
"6/30/2016.1689",4.51,0,"6/30/2016",5
"6/30/2016.1789",6.04,0,"6/30/2016",4
"6/30/2016.1889",33.09,0,"6/30/2016",3
"6/30/2016.1989",2.29,0,"6/30/2016",5
"6/30/2016.2089",866.73,0,"6/30/2016",1
"6/30/2016.2289",324.74,0,"6/30/2016",1
"6/30/2016.2389",1.9,0,"6/30/2016",5
"6/30/2016.2489",10.63,0,"6/30/2016",4
"6/30/2016.2589",45.45,0,"6/30/2016",3
"6/30/2016.2689",1.19,0,"6/30/2016",5
"6/30/2016.2889",46.86,0,"6/30/2016",3
"6/30/2016.2989",52,0,"6/30/2016",2
"6/30/2016.3289",233.78,0,"6/30/2016",1
"6/30/2016.3389",32.09,0,"6/30/2016",3
"6/30/2016.3489",5.13,0,"6/30/2016",4
"6/30/2016.3589",103.87,0,"6/30/2016",1
"6/30/2016.3689",5.7,0,"6/30/2016",4
"6/30/2016.3789",59.34,0,"6/30/2016",2
"6/30/2016.3889",61.34,0,"6/30/2016",2
"6/30/2016.4089",38.74,0,"6/30/2016",3
"6/30/2016.4189",1.71,0,"6/30/2016",5
"6/30/2016.4289",64.54,0,"6/30/2016",2
"6/30/2016.4389",451.16,0,"6/30/2016",1
"6/30/2016.4489",95.53,0,"6/30/2016",2
"6/30/2016.4589",25.04,0,"6/30/2016",3
"6/30/2016.4689",119207.52,0,"6/30/2016",1
"6/30/2016.4889",97.44,0,"6/30/2016",1
"6/30/2016.5089",70.97,0,"6/30/2016",2
"6/30/2017.196",8.93,0,"6/30/2017",4
"6/30/2017.296",60.52,0,"6/30/2017",3
"6/30/2017.396",3.3,0,"6/30/2017",5
"6/30/2017.496",103.36,0,"6/30/2017",2
"6/30/2017.596",97.38,0,"6/30/2017",2
"6/30/2017.696",48.97,0,"6/30/2017",3
"6/30/2017.796",78.11,0,"6/30/2017",2
"6/30/2017.896",4.65,0,"6/30/2017",5
"6/30/2017.996",44.31,0,"6/30/2017",4
"6/30/2017.1291",7.67,0,"6/30/2017",4
"6/30/2017.1391",358.83,0,"6/30/2017",1
"6/30/2017.1591",7.44,0,"6/30/2017",4
"6/30/2017.1691",4.41,0,"6/30/2017",5
"6/30/2017.1791",7.83,0,"6/30/2017",4
"6/30/2017.1891",65.24,0,"6/30/2017",2
"6/30/2017.1991",0.18,0,"6/30/2017",5
"6/30/2017.2091",988.05,0,"6/30/2017",1
"6/30/2017.2291",353.52,0,"6/30/2017",1
"6/30/2017.2391",2.16,0,"6/30/2017",5
"6/30/2017.2591",52.44,0,"6/30/2017",3
"6/30/2017.2691",-1.52,0,"6/30/2017",5
"6/30/2017.2891",57.22,0,"6/30/2017",3
"6/30/2017.2991",55.68,0,"6/30/2017",3
"6/30/2017.3291",269.34,0,"6/30/2017",1
"6/30/2017.3391",36.37,0,"6/30/2017",4
"6/30/2017.3491",6.47,0,"6/30/2017",5
"6/30/2017.3591",80.56,0,"6/30/2017",2
"6/30/2017.3691",7.02,0,"6/30/2017",4
"6/30/2017.3791",64.14,0,"6/30/2017",3
"6/30/2017.3891",60.4,0,"6/30/2017",3
"6/30/2017.4091",92.57,0,"6/30/2017",2
"6/30/2017.4191",2.52,0,"6/30/2017",5
"6/30/2017.4291",72.63,0,"6/30/2017",2
"6/30/2017.4391",811.85,0,"6/30/2017",1
"6/30/2017.4491",115.69,0,"6/30/2017",1
"6/30/2017.4591",36.67,0,"6/30/2017",4
"6/30/2017.4691",144590.2,0,"6/30/2017",1
"6/30/2017.4891",105.51,0,"6/30/2017",1
"6/30/2017.5091",68.09,0,"6/30/2017",2
